{
  "model": "multitask_temporal",
  "metrics": {
    "train": {
      "timing_accuracy": 0.8427900848225315,
      "timing_balanced_accuracy": 0.8626830392343474,
      "timing_macro_f1": 0.7764596822037605,
      "state_mae": 0.0808812603354454,
      "timing_per_class": {
        "none": {
          "precision": 0.9817563942049723,
          "recall": 0.8330550918196995,
          "f1": 0.9013136288998358,
          "support": 13178.0
        },
        "delay": {
          "precision": 0.8295585012002923,
          "recall": 0.8441848114710568,
          "f1": 0.8368077489997894,
          "support": 9415.0
        },
        "immediate": {
          "precision": 0.43769514618223104,
          "recall": 0.9108092144122859,
          "f1": 0.5912576687116564,
          "support": 1693.0
        }
      }
    },
    "dev": {
      "timing_accuracy": 0.8329947175944737,
      "timing_balanced_accuracy": 0.8249461491978423,
      "timing_macro_f1": 0.7615491814687981,
      "state_mae": 0.08223677426576614,
      "timing_per_class": {
        "none": {
          "precision": 0.9824098504837291,
          "recall": 0.8280207561156412,
          "f1": 0.8986323411102172,
          "support": 1349.0
        },
        "delay": {
          "precision": 0.7969543147208121,
          "recall": 0.8468176914778857,
          "f1": 0.8211297071129707,
          "support": 927.0
        },
        "immediate": {
          "precision": 0.4365781710914454,
          "recall": 0.8,
          "f1": 0.5648854961832062,
          "support": 185.0
        }
      }
    },
    "test": {
      "timing_accuracy": 0.826157595450853,
      "timing_balanced_accuracy": 0.8224019774245251,
      "timing_macro_f1": 0.7614759231839515,
      "state_mae": 0.08313273638486862,
      "timing_per_class": {
        "none": {
          "precision": 0.9876325088339223,
          "recall": 0.8220588235294117,
          "f1": 0.8972712680577849,
          "support": 1360.0
        },
        "delay": {
          "precision": 0.7719836400817995,
          "recall": 0.8361018826135105,
          "f1": 0.8027644869750132,
          "support": 903.0
        },
        "immediate": {
          "precision": 0.45738636363636365,
          "recall": 0.8090452261306532,
          "f1": 0.5843920145190563,
          "support": 199.0
        }
      }
    },
    "synthetic_test": {
      "timing_accuracy": 0.8441666666666666,
      "timing_balanced_accuracy": 0.866631391746061,
      "timing_macro_f1": 0.7816539530626551,
      "state_mae": 0.08020175248384476,
      "timing_per_class": {
        "none": {
          "precision": 0.9876325088339223,
          "recall": 0.8399699474079639,
          "f1": 0.9078359723913926,
          "support": 1331.0
        },
        "delay": {
          "precision": 0.8155021834061136,
          "recall": 0.8346368715083798,
          "f1": 0.8249585864163446,
          "support": 895.0
        },
        "immediate": {
          "precision": 0.45738636363636365,
          "recall": 0.9252873563218391,
          "f1": 0.6121673003802282,
          "support": 174.0
        }
      }
    },
    "weaklabel_test": {
      "timing_accuracy": 0.12903225806451613,
      "timing_balanced_accuracy": 0.3333333333333333,
      "timing_macro_f1": 0.07619047619047618,
      "state_mae": 0.19658994674682617,
      "timing_per_class": {
        "none": {
          "precision": 0.0,
          "recall": 0.0,
          "f1": 0.0,
          "support": 29.0
        },
        "delay": {
          "precision": 0.12903225806451613,
          "recall": 1.0,
          "f1": 0.22857142857142856,
          "support": 8.0
        },
        "immediate": {
          "precision": 0.0,
          "recall": 0.0,
          "f1": 0.0,
          "support": 25.0
        }
      }
    }
  },
  "config": {
    "architecture": "video_temporal",
    "batch_size": 512,
    "sequence_steps": 48,
    "hidden_dim": 384,
    "lr": 0.0003,
    "epochs": 36,
    "weight_decay": 0.0001,
    "dropout": 0.1,
    "num_layers": 6,
    "num_heads": 8,
    "state_loss_weight": 0.5,
    "grad_clip": 1.0,
    "seed": 42,
    "device": "cuda",
    "multi_gpu": true
  },
  "train_sources": {
    "synthetic_train": 24000,
    "weaklabel_train": 286
  }
}
